{
  "$schema": "http://json-schema.org/draft-07/schema#",
  "title": "Argentina PCID Schema",
  "type": "object",
  "properties": {
    "pcid": {"type": "string"},
    "sku": {"type": "string"},
    "product_name": {"type": "string"},
    "brand": {"type": "string"},
    "price": {"type": "number"},
    "currency": {"type": "string"},
    "stock_status": {"type": "string"},
    "last_scraped": {"type": "string", "format": "date-time"}
  },
  "required": ["pcid", "sku", "product_name", "price", "currency"],
  "additionalProperties": false
}

