{
  "$schema": "http://json-schema.org/draft-07/schema#",
  "title": "LAFA PCID Schema",
  "type": "object",
  "properties": {
    "pcid": {"type": "string"},
    "product_name": {"type": "string"},
    "dosage": {"type": "string"},
    "price": {"type": "number"},
    "currency": {"type": "string"},
    "availability": {"type": "string"},
    "region": {"type": "string"},
    "last_checked": {"type": "string", "format": "date-time"}
  },
  "required": ["pcid", "product_name", "price", "currency"],
  "additionalProperties": false
}

