{
  "$schema": "http://json-schema.org/draft-07/schema#",
  "title": "Quebec PCID Schema",
  "type": "object",
  "properties": {
    "pcid": {"type": "string"},
    "product_name": {"type": "string"},
    "price": {"type": "number"},
    "currency": {"type": "string"},
    "province": {"type": "string"},
    "pharmacy_id": {"type": "string"},
    "availability": {"type": "string"},
    "url": {"type": "string", "format": "uri"}
  },
  "required": ["pcid", "product_name", "price", "currency", "province"],
  "additionalProperties": false
}

