{
  "login_url": "https://example.com/login",
  "username_selector": "input[name='username']",
  "password_selector": "input[name='password']",
  "submit_selector": "button[type='submit']",
  "companies_url": "https://example.com/companies",
  "company_link_selector": "a.company-link",
  "product_link_selector": "a.product-link",
  "product_name_selector": "h1.product-name",
  "lab_name_selector": "div.lab-name",
  "presentation_selector": "div.presentation",
  "price_selector": "div.price",
  "currency_hint": "ARS"
}
